Time,Type,Close_Price,RSI,BB_Lower,BB_Upper,Distance_to_EMA50,High_Volatility
2024-04-23 12:00:00,Bullish Reversal (Valley),2295.57,28.26,,,-46.81238,False
2024-04-24 12:00:00,Bullish Reversal (Valley),2314.89,42.37,,,-14.98377,False
2024-04-24 17:00:00,Bearish Reversal (Peak),2329.54,56.88,,,1.17122,False
2024-04-25 06:00:00,Bullish Reversal (Valley),2313.12,41.5,,,-11.67791,False
2024-04-25 17:00:00,Bearish Reversal (Peak),2333.8,59.56,,,8.80519,False
2024-04-26 12:00:00,Bearish Reversal (Peak),2349.23,73.48,,,18.30559,False
2024-04-29 05:00:00,Bullish Reversal (Valley),2324.18,35.64,,,-9.34198,False
2024-04-29 12:00:00,Bearish Reversal (Peak),2343.12,59.69,,,9.37238,False
2024-04-30 15:00:00,Bullish Reversal (Valley),2305.98,22.77,,,-23.07864,False
2024-05-01 07:00:00,Bullish Reversal (Valley),2283.12,24.8,,,-28.39519,False
2024-05-01 21:00:00,Bearish Reversal (Peak),2325.17,71.04,,,19.00409,False
2024-05-02 16:00:00,Bullish Reversal (Valley),2291.28,33.75,,,-16.61944,False
2024-05-02 20:00:00,Bearish Reversal (Peak),2307.97,52.56,,,0.81622,False
2024-05-03 16:00:00,Bullish Reversal (Valley),2289.99,37.45,,,-14.10017,False
2024-05-06 10:00:00,Bearish Reversal (Peak),2322.6,68.39,,,17.89106,False
2024-05-07 03:00:00,Bearish Reversal (Peak),2329.18,64.37,,,15.25652,False
2024-05-07 14:00:00,Bullish Reversal (Valley),2312.23,40.75,,,-3.3445,False
2024-05-08 10:00:00,Bullish Reversal (Valley),2305.58,37.25,,,-9.3219,False
2024-05-08 18:00:00,Bearish Reversal (Peak),2320.23,56.9,,,5.65547,False
2024-05-09 12:00:00,Bullish Reversal (Valley),2307.52,42.4,,,-5.39184,False
2024-05-09 17:00:00,Bearish Reversal (Peak),2333.27,69.27,,,18.57702,False
2024-05-10 13:00:00,Bearish Reversal (Peak),2374.66,84.8,,,38.88487,False
2024-05-13 20:00:00,Bullish Reversal (Valley),2335.83,32.51,,,-10.58825,False
2024-05-14 14:00:00,Bullish Reversal (Valley),2343.37,49.89,,,-0.47438,False
2024-05-14 16:00:00,Bearish Reversal (Peak),2353.82,63.24,,,9.4237,False
2024-05-15 11:00:00,Bearish Reversal (Peak),2373.02,75.19,,,21.45755,False
2024-05-16 03:00:00,Bearish Reversal (Peak),2394.84,70.36,,,30.14604,False
2024-05-17 09:00:00,Bearish Reversal (Peak),2385.86,60.23,,,9.94239,False
2024-05-20 08:00:00,Bearish Reversal (Peak),2449.42,85.21,,,49.54159,False
2024-05-21 01:00:00,Bearish Reversal (Peak),2427.2,52.66,,,13.17356,False
2024-05-21 09:00:00,Bullish Reversal (Valley),2410.58,40.26,,,-4.33457,False
2024-05-21 17:00:00,Bearish Reversal (Peak),2429.41,58.05,,,12.30445,False
2024-05-22 14:00:00,Bullish Reversal (Valley),2408.61,34.97,,,-8.84449,False
2024-05-23 08:00:00,Bullish Reversal (Valley),2359.82,20.91,,,-39.4613,False
2024-05-23 23:00:00,Bullish Reversal (Valley),2328.46,21.35,,,-47.88795,False
2024-05-24 20:00:00,Bullish Reversal (Valley),2332.58,36.45,,,-21.39019,False
2024-05-27 12:00:00,Bullish Reversal (Valley),2343.14,53.0,,,-4.74407,False
2024-05-27 20:00:00,Bearish Reversal (Peak),2354.89,64.72,,,6.07478,False
2024-05-28 09:00:00,Bullish Reversal (Valley),2341.72,39.03,,,-7.74951,False
2024-05-28 23:00:00,Bearish Reversal (Peak),2361.02,65.95,,,9.78313,False
2024-05-29 15:00:00,Bullish Reversal (Valley),2337.65,27.82,,,-13.54482,False
2024-05-30 08:00:00,Bullish Reversal (Valley),2324.85,29.7,,,-19.41446,False
2024-05-30 16:00:00,Bearish Reversal (Peak),2348.56,59.21,,,6.00192,False
2024-05-31 10:00:00,Bullish Reversal (Valley),2340.25,46.74,,,-2.8993,False
2024-05-31 15:00:00,Bearish Reversal (Peak),2354.68,64.46,,,11.07039,False
2024-06-03 08:00:00,Bullish Reversal (Valley),2320.04,35.53,,,-15.77519,False
2024-06-04 01:00:00,Bearish Reversal (Peak),2350.63,69.08,,,12.97449,False
2024-06-04 17:00:00,Bullish Reversal (Valley),2317.5,30.11,,,-19.76876,False
2024-06-05 07:00:00,Bearish Reversal (Peak),2337.84,57.39,,,3.51654,False
2024-06-05 10:00:00,Bullish Reversal (Valley),2331.48,47.94,,,-2.77153,False
2024-06-06 05:00:00,Bearish Reversal (Peak),2374.29,80.96,,,30.80141,False
2024-06-07 07:00:00,Bearish Reversal (Peak),2386.53,71.56,,,25.31104,False
2024-06-07 22:00:00,Bullish Reversal (Valley),2288.11,21.57,,,-56.52864,True
2024-06-11 08:00:00,Bullish Reversal (Valley),2299.46,39.44,,,-15.35668,False
2024-06-11 15:00:00,Bearish Reversal (Peak),2317.84,63.87,,,4.76063,False
2024-06-12 07:00:00,Bullish Reversal (Valley),2312.57,51.67,,,-0.82867,False
2024-06-12 19:00:00,Bearish Reversal (Peak),2337.56,69.34,,,20.5653,False
2024-06-13 15:00:00,Bearish Reversal (Peak),2323.17,55.74,,,6.10528,False
2024-06-13 18:00:00,Bullish Reversal (Valley),2298.84,37.95,,,-17.1391,False
2024-06-14 21:00:00,Bearish Reversal (Peak),2334.61,69.52,,,16.83365,False
2024-06-17 17:00:00,Bearish Reversal (Peak),2324.4,54.81,,,4.08385,False
2024-06-17 18:00:00,Bullish Reversal (Valley),2312.4,38.43,,,-7.60571,False
2024-06-18 13:00:00,Bullish Reversal (Valley),2308.18,31.93,,,-10.92935,False
2024-06-18 19:00:00,Bearish Reversal (Peak),2330.11,62.34,,,10.22758,False
2024-06-19 11:00:00,Bearish Reversal (Peak),2332.43,63.39,,,8.10982,False
2024-06-20 17:00:00,Bearish Reversal (Peak),2363.91,77.19,,,31.32967,False
2024-06-21 14:00:00,Bearish Reversal (Peak),2366.21,64.28,,,17.7572,False
2024-06-24 02:00:00,Bullish Reversal (Valley),2319.11,27.29,,,-21.66374,False
2024-06-25 04:00:00,Bullish Reversal (Valley),2325.72,41.55,,,-7.39961,False
2024-06-25 13:00:00,Bearish Reversal (Peak),2335.23,58.43,,,3.56338,False
2024-06-25 19:00:00,Bullish Reversal (Valley),2317.7,37.17,,,-12.46876,False
2024-06-26 16:00:00,Bullish Reversal (Valley),2296.22,28.8,,,-25.22673,False
2024-06-27 08:00:00,Bullish Reversal (Valley),2297.39,36.37,,,-13.85058,False
2024-06-27 17:00:00,Bearish Reversal (Peak),2328.87,75.76,,,16.37974,False
2024-06-28 13:00:00,Bearish Reversal (Peak),2335.68,71.97,,,15.82985,False
2024-07-01 08:00:00,Bullish Reversal (Valley),2321.75,43.01,,,-1.48935,False
2024-07-01 14:00:00,Bearish Reversal (Peak),2338.05,67.29,,,13.53755,False
2024-07-02 14:00:00,Bullish Reversal (Valley),2320.62,36.57,,,-6.36624,False
2024-07-02 16:00:00,Bearish Reversal (Peak),2334.11,57.89,,,6.82993,False
2024-07-03 18:00:00,Bearish Reversal (Peak),2362.92,80.52,,,27.29452,False
2024-07-04 11:00:00,Bearish Reversal (Peak),2358.74,62.58,,,12.68759,False
2024-07-05 08:00:00,Bearish Reversal (Peak),2364.6,69.62,,,11.83179,False
2024-07-05 23:00:00,Bearish Reversal (Peak),2391.18,77.4,,,26.80464,False
2024-07-08 16:00:00,Bearish Reversal (Peak),2375.43,48.76,,,4.33,False
2024-07-08 18:00:00,Bullish Reversal (Valley),2355.39,29.89,,,-15.17153,False
2024-07-09 16:00:00,Bearish Reversal (Peak),2367.6,53.73,,,1.75271,False
2024-07-09 17:00:00,Bullish Reversal (Valley),2354.8,39.02,,,-10.61406,False
2024-07-10 16:00:00,Bearish Reversal (Peak),2383.07,72.15,,,14.99096,False
2024-07-11 17:00:00,Bearish Reversal (Peak),2417.59,83.76,,,39.69338,False
2024-07-12 20:00:00,Bearish Reversal (Peak),2417.71,65.9,,,19.71071,False
2024-07-15 18:00:00,Bearish Reversal (Peak),2433.12,71.83,,,25.83797,False
2024-07-17 01:00:00,Bearish Reversal (Peak),2468.8,75.88,,,35.91515,False
2024-07-17 16:00:00,Bearish Reversal (Peak),2482.82,69.17,,,32.19854,False
2024-07-18 10:00:00,Bearish Reversal (Peak),2471.78,59.6,,,15.01316,False
2024-07-18 22:00:00,Bullish Reversal (Valley),2442.82,29.9,,,-15.0007,False
2024-07-19 17:00:00,Bullish Reversal (Valley),2397.89,14.94,,,-40.20674,False
2024-07-22 18:00:00,Bullish Reversal (Valley),2386.14,25.68,,,-28.66624,False
2024-07-23 16:00:00,Bullish Reversal (Valley),2401.74,50.79,,,-4.463,False
2024-07-23 23:00:00,Bearish Reversal (Peak),2409.34,61.18,,,3.20496,False
2024-07-24 17:00:00,Bearish Reversal (Peak),2430.12,76.66,,,19.07185,False
2024-07-25 05:00:00,Bullish Reversal (Valley),2372.49,21.76,,,-33.92982,False
2024-07-25 20:00:00,Bullish Reversal (Valley),2356.0,26.92,,,-33.72605,False
2024-07-26 13:00:00,Bullish Reversal (Valley),2372.63,49.5,,,-7.42678,False
2024-07-29 03:00:00,Bearish Reversal (Peak),2399.86,72.4,,,16.89426,False
2024-07-29 18:00:00,Bullish Reversal (Valley),2376.67,37.82,,,-9.40197,False
2024-07-30 13:00:00,Bearish Reversal (Peak),2391.54,60.38,,,5.86271,False
2024-07-30 18:00:00,Bullish Reversal (Valley),2385.21,47.39,,,-1.03199,False
2024-07-31 07:00:00,Bearish Reversal (Peak),2421.01,74.23,,,25.83526,False
2024-07-31 22:00:00,Bearish Reversal (Peak),2449.72,79.23,,,40.96113,False
2024-08-01 16:00:00,Bearish Reversal (Peak),2453.15,66.48,,,27.21807,False
2024-08-02 15:00:00,Bearish Reversal (Peak),2472.78,69.39,,,29.50223,False
2024-08-02 20:00:00,Bullish Reversal (Valley),2427.67,35.64,,,-14.60582,True
2024-08-05 07:00:00,Bearish Reversal (Peak),2452.54,55.18,,,10.91575,False
2024-08-05 15:00:00,Bullish Reversal (Valley),2374.35,24.37,,,-59.35568,True
2024-08-06 08:00:00,Bullish Reversal (Valley),2398.57,39.81,,,-21.97396,False
2024-08-07 02:00:00,Bullish Reversal (Valley),2383.72,35.41,,,-24.34228,False
2024-08-07 15:00:00,Bearish Reversal (Peak),2403.67,58.72,,,1.74483,False
2024-08-07 23:00:00,Bullish Reversal (Valley),2382.81,38.43,,,-16.28305,False
2024-08-08 09:00:00,Bearish Reversal (Peak),2397.61,57.34,,,1.04851,False
2024-08-09 04:00:00,Bearish Reversal (Peak),2427.13,72.02,,,19.91747,False
2024-08-09 19:00:00,Bearish Reversal (Peak),2434.35,66.03,,,18.56887,False
2024-08-13 02:00:00,Bearish Reversal (Peak),2475.42,86.52,,,35.91282,False
2024-08-13 19:00:00,Bearish Reversal (Peak),2469.37,62.28,,,16.88896,False
2024-08-14 13:00:00,Bearish Reversal (Peak),2474.83,65.89,,,15.19215,False
2024-08-14 20:00:00,Bullish Reversal (Valley),2441.44,27.06,,,-16.67253,False
2024-08-15 14:00:00,Bearish Reversal (Peak),2463.38,64.11,,,7.49807,False
2024-08-15 15:00:00,Bullish Reversal (Valley),2440.95,34.43,,,-14.34636,False
2024-08-16 09:00:00,Bullish Reversal (Valley),2454.95,49.87,,,-0.20981,False
2024-08-16 22:00:00,Bearish Reversal (Peak),2507.8,79.92,,,39.92509,False
2024-08-19 19:00:00,Bearish Reversal (Peak),2505.38,62.26,,,19.64402,False
2024-08-20 16:00:00,Bearish Reversal (Peak),2529.75,77.9,,,29.68214,False
2024-08-21 17:00:00,Bullish Reversal (Valley),2501.34,37.29,,,-5.68976,False
2024-08-21 21:00:00,Bearish Reversal (Peak),2515.86,56.71,,,8.35827,False
2024-08-22 17:00:00,Bullish Reversal (Valley),2479.97,25.89,,,-25.01113,False
2024-08-23 20:00:00,Bearish Reversal (Peak),2510.77,69.72,,,11.23713,False
2024-08-26 14:00:00,Bearish Reversal (Peak),2526.41,77.33,,,18.45659,False
2024-08-27 09:00:00,Bearish Reversal (Peak),2514.76,52.27,,,3.48635,False
2024-08-27 10:00:00,Bullish Reversal (Valley),2504.82,38.49,,,-6.20056,False
2024-08-28 01:00:00,Bearish Reversal (Peak),2525.52,65.12,,,12.01272,False
2024-08-28 15:00:00,Bullish Reversal (Valley),2500.48,33.4,,,-11.64186,False
2024-08-29 04:00:00,Bearish Reversal (Peak),2513.06,55.61,,,2.68981,False
2024-08-29 15:00:00,Bullish Reversal (Valley),2509.08,43.92,,,-3.815,False
2024-08-29 20:00:00,Bearish Reversal (Peak),2525.75,61.43,,,11.10164,False
2024-08-30 07:00:00,Bullish Reversal (Valley),2513.23,42.94,,,-2.44949,False
2024-08-30 12:00:00,Bearish Reversal (Peak),2524.12,61.2,,,7.71628,False
2024-09-02 05:00:00,Bullish Reversal (Valley),2491.83,27.77,,,-18.70418,False
2024-09-03 11:00:00,Bearish Reversal (Peak),2503.85,58.68,,,1.37099,False
2024-09-03 17:00:00,Bullish Reversal (Valley),2478.16,29.11,,,-21.47822,False
2024-09-04 11:00:00,Bullish Reversal (Valley),2473.16,27.92,,,-21.45446,False
2024-09-04 19:00:00,Bearish Reversal (Peak),2496.61,56.26,,,3.23594,False
2024-09-05 15:00:00,Bearish Reversal (Peak),2517.58,73.05,,,18.66596,False
2024-09-06 15:00:00,Bearish Reversal (Peak),2522.11,63.69,,,12.50485,False
2024-09-09 08:00:00,Bullish Reversal (Valley),2487.74,31.95,,,-16.00261,False
2024-09-09 19:00:00,Bearish Reversal (Peak),2504.26,55.88,,,2.86164,False
2024-09-10 07:00:00,Bullish Reversal (Valley),2501.64,49.2,,,-0.72717,False
2024-09-10 15:00:00,Bearish Reversal (Peak),2513.72,65.89,,,10.46672,False
2024-09-11 09:00:00,Bearish Reversal (Peak),2526.48,73.28,,,16.30457,False
2024-09-11 15:00:00,Bullish Reversal (Valley),2508.01,39.58,,,-4.21914,False
2024-09-12 01:00:00,Bearish Reversal (Peak),2512.76,47.56,,,0.47168,False
2024-09-12 13:00:00,Bullish Reversal (Valley),2513.1,46.61,,,-0.38288,False
2024-09-12 17:00:00,Bearish Reversal (Peak),2553.26,79.51,,,36.26829,True
2024-09-13 11:00:00,Bearish Reversal (Peak),2569.83,79.73,,,30.3349,False
2024-09-16 08:00:00,Bearish Reversal (Peak),2588.67,77.25,,,26.43226,False
2024-09-17 09:00:00,Bearish Reversal (Peak),2584.23,56.14,,,9.89802,False
2024-09-17 19:00:00,Bullish Reversal (Valley),2562.96,34.13,,,-11.27008,False
2024-09-18 14:00:00,Bearish Reversal (Peak),2577.34,56.05,,,4.36101,False
2024-09-18 22:00:00,Bullish Reversal (Valley),2548.83,32.89,,,-23.04877,True
2024-09-19 12:00:00,Bearish Reversal (Peak),2591.7,67.43,,,20.42672,False
2024-09-20 15:00:00,Bearish Reversal (Peak),2615.45,75.41,,,27.77783,False
2024-09-23 08:00:00,Bearish Reversal (Peak),2629.89,71.21,,,25.89013,False
2024-09-24 07:00:00,Bearish Reversal (Peak),2637.99,69.52,,,20.19975,False
2024-09-25 05:00:00,Bearish Reversal (Peak),2669.97,75.04,,,34.76464,False
2024-09-25 20:00:00,Bearish Reversal (Peak),2660.51,57.35,,,15.05589,False
2024-09-26 14:00:00,Bearish Reversal (Peak),2682.65,75.61,,,27.97678,False
2024-09-27 06:00:00,Bearish Reversal (Peak),2673.55,56.95,,,11.56605,False
2024-09-27 20:00:00,Bullish Reversal (Valley),2645.01,31.73,,,-16.09101,False
2024-09-30 02:00:00,Bearish Reversal (Peak),2663.46,52.92,,,3.08443,False
2024-09-30 22:00:00,Bullish Reversal (Valley),2630.85,33.43,,,-20.01255,False
2024-10-01 16:00:00,Bearish Reversal (Peak),2667.47,75.77,,,19.42216,False
2024-10-02 08:00:00,Bullish Reversal (Valley),2647.84,42.17,,,-5.07018,False
2024-10-02 10:00:00,Bearish Reversal (Peak),2655.28,51.38,,,2.4001,False
2024-10-03 02:00:00,Bearish Reversal (Peak),2660.21,58.1,,,6.82988,False
2024-10-03 15:00:00,Bullish Reversal (Valley),2642.24,36.58,,,-9.8705,False
2024-10-04 08:00:00,Bearish Reversal (Peak),2667.32,67.16,,,12.44908,False
2024-10-04 15:00:00,Bullish Reversal (Valley),2638.71,32.71,,,-16.46322,False
2024-10-07 14:00:00,Bearish Reversal (Peak),2656.88,56.1,,,4.66663,False
2024-10-07 15:00:00,Bullish Reversal (Valley),2639.96,40.59,,,-11.77284,False
2024-10-08 14:00:00,Bearish Reversal (Peak),2650.6,56.32,,,4.21979,False
2024-10-08 19:00:00,Bullish Reversal (Valley),2608.84,28.88,,,-33.61746,False
2024-10-09 21:00:00,Bullish Reversal (Valley),2606.24,36.29,,,-19.00806,False
2024-10-10 14:00:00,Bullish Reversal (Valley),2612.93,47.22,,,-6.46437,False
2024-10-11 07:00:00,Bearish Reversal (Peak),2645.49,74.4,,,20.04162,False
2024-10-14 09:00:00,Bearish Reversal (Peak),2663.93,68.65,,,21.53829,False
2024-10-15 05:00:00,Bearish Reversal (Peak),2651.46,52.0,,,4.5226,False
2024-10-15 08:00:00,Bullish Reversal (Valley),2641.78,39.06,,,-4.80366,False
2024-10-15 21:00:00,Bearish Reversal (Peak),2665.0,64.92,,,14.59217,False
2024-10-16 15:00:00,Bearish Reversal (Peak),2681.65,69.22,,,20.86408,False
2024-10-17 13:00:00,Bearish Reversal (Peak),2687.31,64.69,,,16.46845,False
2024-10-18 08:00:00,Bearish Reversal (Peak),2711.29,76.36,,,26.90884,False
2024-10-21 01:00:00,Bearish Reversal (Peak),2723.46,71.35,,,24.6695,False
2024-10-21 16:00:00,Bearish Reversal (Peak),2738.88,73.5,,,25.39694,False
2024-10-22 17:00:00,Bearish Reversal (Peak),2741.75,62.78,,,17.91739,False
2024-10-23 11:00:00,Bearish Reversal (Peak),2756.85,67.41,,,21.35782,False
2024-10-23 21:00:00,Bullish Reversal (Valley),2713.94,29.62,,,-19.89221,False
2024-10-24 15:00:00,Bearish Reversal (Peak),2738.94,60.67,,,7.33997,False
2024-10-24 18:00:00,Bullish Reversal (Valley),2731.02,48.4,,,-0.65066,False
2024-10-25 11:00:00,Bullish Reversal (Valley),2719.35,33.99,,,-11.58169,False
2024-10-25 23:00:00,Bearish Reversal (Peak),2746.84,65.54,,,14.04987,False
2024-10-28 11:00:00,Bullish Reversal (Valley),2729.17,44.52,,,-4.13703,False
2024-10-28 16:00:00,Bearish Reversal (Peak),2744.08,60.34,,,10.11631,False
2024-10-29 08:00:00,Bearish Reversal (Peak),2755.7,65.79,,,15.60334,False
2024-10-30 03:00:00,Bearish Reversal (Peak),2781.55,74.84,,,27.60643,False
2024-10-30 19:00:00,Bearish Reversal (Peak),2788.5,65.92,,,21.12098,False
2024-10-31 12:00:00,Bearish Reversal (Peak),2780.77,49.41,,,5.6914,False
2024-10-31 16:00:00,Bullish Reversal (Valley),2734.64,17.23,,,-38.19948,False
2024-11-01 12:00:00,Bullish Reversal (Valley),2749.54,42.21,,,-10.35512,False
2024-11-04 10:00:00,Bullish Reversal (Valley),2733.2,32.07,,,-16.09269,False
2024-11-05 04:00:00,Bullish Reversal (Valley),2728.32,33.43,,,-15.17134,False
2024-11-05 10:00:00,Bearish Reversal (Peak),2742.42,55.78,,,0.40874,False
2024-11-06 03:00:00,Bearish Reversal (Peak),2746.91,56.7,,,4.90025,False
2024-11-06 08:00:00,Bullish Reversal (Valley),2706.88,30.27,,,-33.18555,True
2024-11-07 03:00:00,Bullish Reversal (Valley),2649.28,27.8,,,-57.75155,False
2024-11-08 01:00:00,Bearish Reversal (Peak),2706.74,64.96,,,13.3393,False
2024-11-08 18:00:00,Bullish Reversal (Valley),2683.17,42.85,,,-9.35861,False
2024-11-11 19:00:00,Bullish Reversal (Valley),2612.44,13.14,,,-58.13312,False
2024-11-12 11:00:00,Bullish Reversal (Valley),2593.14,19.55,,,-51.41731,False
2024-11-13 16:00:00,Bullish Reversal (Valley),2601.87,41.32,,,-16.24918,False
2024-11-14 11:00:00,Bullish Reversal (Valley),2543.41,19.41,,,-48.19295,False
2024-11-15 07:00:00,Bullish Reversal (Valley),2559.8,41.59,,,-17.75403,False
2024-11-15 22:00:00,Bullish Reversal (Valley),2562.1,45.17,,,-10.2005,False
2024-11-18 17:00:00,Bearish Reversal (Peak),2612.87,75.36,,,30.58004,False
2024-11-19 12:00:00,Bearish Reversal (Peak),2634.97,76.47,,,33.35877,False
2024-11-20 04:00:00,Bearish Reversal (Peak),2640.07,67.68,,,24.38993,False
2024-11-20 19:00:00,Bearish Reversal (Peak),2651.72,70.61,,,26.92292,False
2024-11-21 13:00:00,Bearish Reversal (Peak),2671.36,77.38,,,29.40884,False
2024-11-22 06:00:00,Bearish Reversal (Peak),2688.63,76.45,,,31.61896,False
2024-11-25 01:00:00,Bearish Reversal (Peak),2719.66,72.14,,,38.52853,False
2024-11-25 07:00:00,Bullish Reversal (Valley),2664.57,32.79,,,-17.35224,True
2024-11-26 01:00:00,Bullish Reversal (Valley),2610.28,25.24,,,-53.41554,False
2024-11-26 16:00:00,Bullish Reversal (Valley),2622.3,40.77,,,-24.069,False
2024-11-27 15:00:00,Bearish Reversal (Peak),2656.14,65.91,,,12.93948,False
2024-11-28 04:00:00,Bullish Reversal (Valley),2628.09,37.86,,,-12.52636,False
2024-11-28 12:00:00,Bearish Reversal (Peak),2647.41,61.76,,,7.29353,False
2024-11-29 02:00:00,Bullish Reversal (Valley),2635.94,44.24,,,-4.42406,False
2024-11-29 08:00:00,Bearish Reversal (Peak),2665.07,72.08,,,20.8236,False
2024-12-02 07:00:00,Bullish Reversal (Valley),2623.06,28.71,,,-22.33299,False
2024-12-02 15:00:00,Bearish Reversal (Peak),2646.93,56.3,,,4.08594,False
2024-12-03 03:00:00,Bullish Reversal (Valley),2636.43,44.88,,,-5.24793,False
2024-12-03 15:00:00,Bearish Reversal (Peak),2652.76,63.17,,,10.43044,False
2024-12-03 21:00:00,Bullish Reversal (Valley),2640.81,47.57,,,-2.02243,False
2024-12-04 14:00:00,Bullish Reversal (Valley),2636.98,42.13,,,-6.20965,False
2024-12-04 17:00:00,Bearish Reversal (Peak),2654.92,60.55,,,10.86616,False
2024-12-05 10:00:00,Bullish Reversal (Valley),2643.08,45.03,,,-3.05733,False
2024-12-05 14:00:00,Bearish Reversal (Peak),2653.14,56.71,,,6.49134,False
2024-12-06 03:00:00,Bullish Reversal (Valley),2617.5,28.08,,,-23.5559,False
2024-12-06 10:00:00,Bearish Reversal (Peak),2644.07,55.38,,,3.59133,False
2024-12-09 02:00:00,Bullish Reversal (Valley),2630.81,44.27,,,-7.59401,False
2024-12-09 16:00:00,Bearish Reversal (Peak),2673.98,72.53,,,29.56786,False
2024-12-10 08:00:00,Bearish Reversal (Peak),2669.97,63.92,,,15.90987,False
2024-12-11 02:00:00,Bearish Reversal (Peak),2700.8,77.66,,,30.89849,False
2024-12-12 02:00:00,Bearish Reversal (Peak),2723.98,74.34,,,31.92939,False
2024-12-12 22:00:00,Bullish Reversal (Valley),2679.61,31.93,,,-16.05567,False
2024-12-16 02:00:00,Bullish Reversal (Valley),2646.99,27.41,,,-29.11138,False
2024-12-17 01:00:00,Bullish Reversal (Valley),2651.53,39.96,,,-12.13024,False
2024-12-17 16:00:00,Bullish Reversal (Valley),2636.64,33.75,,,-19.0963,False
2024-12-18 23:00:00,Bullish Reversal (Valley),2585.49,12.48,,,-55.99858,True
2024-12-19 17:00:00,Bullish Reversal (Valley),2588.43,28.86,,,-35.92446,False
2024-12-20 14:00:00,Bullish Reversal (Valley),2603.45,49.47,,,-7.56081,False
2024-12-23 08:00:00,Bearish Reversal (Peak),2631.31,66.29,,,13.77677,False
2024-12-23 17:00:00,Bullish Reversal (Valley),2609.63,38.41,,,-8.4083,False
2024-12-24 06:00:00,Bearish Reversal (Peak),2620.07,55.66,,,3.1615,False
2024-12-24 16:00:00,Bullish Reversal (Valley),2610.75,39.48,,,-5.62878,False
2024-12-26 17:00:00,Bearish Reversal (Peak),2636.37,70.74,,,16.23778,False
2024-12-27 13:00:00,Bearish Reversal (Peak),2628.53,49.78,,,2.56068,False
2024-12-27 22:00:00,Bullish Reversal (Valley),2615.34,38.11,,,-8.32135,False
2024-12-30 05:00:00,Bearish Reversal (Peak),2626.43,54.13,,,2.73448,False
2024-12-30 18:00:00,Bullish Reversal (Valley),2599.65,34.93,,,-19.48654,False
2024-12-31 10:00:00,Bearish Reversal (Peak),2616.45,57.02,,,2.36456,False
2024-12-31 13:00:00,Bullish Reversal (Valley),2610.93,49.62,,,-2.97922,False
2025-01-02 14:00:00,Bearish Reversal (Peak),2643.25,75.89,,,22.16284,False
2025-01-03 06:00:00,Bearish Reversal (Peak),2662.74,75.83,,,25.16359,False
2025-01-03 22:00:00,Bullish Reversal (Valley),2638.08,35.32,,,-4.46038,False
2025-01-06 13:00:00,Bearish Reversal (Peak),2645.49,56.27,,,5.42682,False
2025-01-06 15:00:00,Bullish Reversal (Valley),2624.08,36.3,,,-15.55295,False
2025-01-07 15:00:00,Bearish Reversal (Peak),2662.42,72.52,,,21.63699,False
2025-01-08 18:00:00,Bearish Reversal (Peak),2669.47,74.57,,,20.2735,False
2025-01-09 14:00:00,Bearish Reversal (Peak),2673.96,67.82,,,17.52854,False
2025-01-10 18:00:00,Bearish Reversal (Peak),2696.1,77.25,,,25.59423,False
2025-01-13 10:00:00,Bearish Reversal (Peak),2687.05,53.9,,,8.59983,False
2025-01-13 21:00:00,Bullish Reversal (Valley),2658.79,27.96,,,-15.73987,False
2025-01-14 06:00:00,Bearish Reversal (Peak),2673.46,52.33,,,0.5226,False
2025-01-14 15:00:00,Bullish Reversal (Valley),2662.83,38.59,,,-8.54533,False
2025-01-15 12:00:00,Bearish Reversal (Peak),2688.25,70.51,,,13.73172,False
2025-01-16 04:00:00,Bearish Reversal (Peak),2697.33,64.9,,,14.87508,False
2025-01-16 19:00:00,Bearish Reversal (Peak),2721.63,75.79,,,27.71135,False
2025-01-17 18:00:00,Bearish Reversal (Peak),2715.92,58.84,,,11.55071,False
2025-01-20 03:00:00,Bullish Reversal (Valley),2693.48,34.14,,,-9.80941,False
2025-01-20 10:00:00,Bearish Reversal (Peak),2706.76,51.59,,,2.99585,False
2025-01-21 02:00:00,Bullish Reversal (Valley),2705.35,47.86,,,-0.05549,False
2025-01-21 04:00:00,Bearish Reversal (Peak),2724.59,66.37,,,17.96292,False
2025-01-21 20:00:00,Bearish Reversal (Peak),2744.44,71.04,,,26.32541,False
2025-01-22 12:00:00,Bearish Reversal (Peak),2759.83,69.83,,,27.11031,False
2025-01-23 15:00:00,Bullish Reversal (Valley),2741.54,37.43,,,-3.83679,False
2025-01-23 19:00:00,Bearish Reversal (Peak),2757.58,59.23,,,11.34886,False
2025-01-24 15:00:00,Bearish Reversal (Peak),2782.25,74.54,,,23.39288,False
2025-01-27 04:00:00,Bullish Reversal (Valley),2756.05,34.22,,,-6.94188,False
2025-01-27 13:00:00,Bearish Reversal (Peak),2771.21,57.2,,,9.14947,False
2025-01-27 19:00:00,Bullish Reversal (Valley),2733.52,29.92,,,-25.08061,False
2025-01-28 13:00:00,Bullish Reversal (Valley),2742.62,44.93,,,-7.23713,False
2025-01-28 21:00:00,Bearish Reversal (Peak),2764.75,71.65,,,13.0697,False
2025-01-29 20:00:00,Bullish Reversal (Valley),2750.99,39.65,,,-4.80194,False
2025-01-30 02:00:00,Bearish Reversal (Peak),2762.05,58.94,,,5.75777,False
2025-01-31 01:00:00,Bearish Reversal (Peak),2796.09,73.43,,,24.22888,False
2025-01-31 16:00:00,Bearish Reversal (Peak),2812.22,77.12,,,28.23493,False
2025-02-03 05:00:00,Bullish Reversal (Valley),2774.33,30.83,,,-13.25453,False
2025-02-03 16:00:00,Bearish Reversal (Peak),2829.4,75.95,,,37.37472,False
2025-02-05 02:00:00,Bearish Reversal (Peak),2845.1,69.14,,,26.39125,False
2025-02-05 17:00:00,Bearish Reversal (Peak),2880.03,75.43,,,40.83811,False
2025-02-06 13:00:00,Bearish Reversal (Peak),2865.74,55.12,,,12.84026,False
2025-02-06 16:00:00,Bullish Reversal (Valley),2841.74,33.05,,,-11.27203,False
2025-02-07 17:00:00,Bearish Reversal (Peak),2880.21,67.38,,,20.42281,False
2025-02-10 11:00:00,Bearish Reversal (Peak),2902.79,78.65,,,34.63493,False
2025-02-11 03:00:00,Bearish Reversal (Peak),2933.83,82.14,,,46.84325,False
2025-02-11 14:00:00,Bullish Reversal (Valley),2889.23,38.31,,,-5.68949,False
2025-02-11 20:00:00,Bearish Reversal (Peak),2905.77,51.97,,,9.328,False
2025-02-12 13:00:00,Bullish Reversal (Valley),2879.59,33.66,,,-13.89096,False
2025-02-13 02:00:00,Bearish Reversal (Peak),2906.34,61.39,,,10.70774,False
2025-02-13 17:00:00,Bearish Reversal (Peak),2920.17,62.55,,,15.80851,False
2025-02-14 12:00:00,Bearish Reversal (Peak),2935.81,65.75,,,18.63309,False
2025-02-17 01:00:00,Bullish Reversal (Valley),2879.03,24.65,,,-30.60414,False
2025-02-18 03:00:00,Bullish Reversal (Valley),2895.55,43.03,,,-7.47193,False
2025-02-18 18:00:00,Bearish Reversal (Peak),2932.77,76.74,,,23.57041,False
2025-02-19 11:00:00,Bearish Reversal (Peak),2945.31,70.09,,,24.40839,False
2025-02-19 19:00:00,Bullish Reversal (Valley),2923.73,44.3,,,-0.36458,False
2025-02-20 10:00:00,Bearish Reversal (Peak),2954.37,68.14,,,23.03201,False
2025-02-20 15:00:00,Bullish Reversal (Valley),2933.89,43.95,,,-0.09786,False
2025-02-21 04:00:00,Bearish Reversal (Peak),2939.05,50.05,,,3.39197,False
2025-02-21 10:00:00,Bullish Reversal (Valley),2923.12,37.78,,,-11.0316,False
2025-02-21 20:00:00,Bearish Reversal (Peak),2941.72,57.94,,,7.84393,False
2025-02-24 03:00:00,Bullish Reversal (Valley),2927.89,43.4,,,-5.76975,False
2025-02-24 15:00:00,Bearish Reversal (Peak),2954.26,63.36,,,16.80135,False
2025-02-25 10:00:00,Bearish Reversal (Peak),2941.42,49.7,,,1.16231,False
2025-02-25 18:00:00,Bullish Reversal (Valley),2896.34,26.3,,,-39.925,False
2025-02-26 16:00:00,Bullish Reversal (Valley),2901.35,35.95,,,-21.74111,False
2025-02-27 16:00:00,Bullish Reversal (Valley),2872.02,30.39,,,-35.81356,False
2025-02-28 16:00:00,Bullish Reversal (Valley),2833.71,21.26,,,-48.01523,False
2025-03-03 09:00:00,Bullish Reversal (Valley),2863.1,49.41,,,-8.65168,False
2025-03-03 18:00:00,Bearish Reversal (Peak),2891.39,68.8,,,18.09512,False
2025-03-04 14:00:00,Bearish Reversal (Peak),2924.76,74.72,,,37.40298,False
2025-03-05 10:00:00,Bearish Reversal (Peak),2919.86,60.92,,,18.57546,False
2025-03-05 15:00:00,Bullish Reversal (Valley),2899.87,41.27,,,-3.33661,False
2025-03-06 04:00:00,Bearish Reversal (Peak),2925.49,59.2,,,16.02175,False
2025-03-06 11:00:00,Bullish Reversal (Valley),2894.12,33.92,,,-15.92237,False
2025-03-06 20:00:00,Bearish Reversal (Peak),2916.2,53.47,,,5.96115,False
2025-03-07 05:00:00,Bullish Reversal (Valley),2905.23,43.93,,,-4.49433,False
2025-03-07 16:00:00,Bearish Reversal (Peak),2926.74,62.39,,,14.30384,False
2025-03-07 21:00:00,Bullish Reversal (Valley),2905.11,42.15,,,-6.81717,False
2025-03-10 08:00:00,Bearish Reversal (Peak),2914.29,52.61,,,2.36143,False
2025-03-11 00:00:00,Bullish Reversal (Valley),2884.56,34.61,,,-20.56804,False
2025-03-11 15:00:00,Bearish Reversal (Peak),2917.6,65.93,,,13.07087,False
2025-03-12 10:00:00,Bearish Reversal (Peak),2922.08,64.23,,,11.6485,False
2025-03-13 02:00:00,Bearish Reversal (Peak),2938.5,69.83,,,19.68025,False
2025-03-13 18:00:00,Bearish Reversal (Peak),2979.96,79.2,,,45.96273,False
2025-03-14 11:00:00,Bearish Reversal (Peak),2998.65,74.52,,,39.29398,False
2025-03-17 03:00:00,Bearish Reversal (Peak),2990.73,60.35,,,18.35141,False
2025-03-17 22:00:00,Bearish Reversal (Peak),3000.78,60.94,,,17.02651,False
2025-03-18 14:00:00,Bearish Reversal (Peak),3034.12,76.03,,,35.70845,False
2025-03-19 07:00:00,Bearish Reversal (Peak),3044.41,72.05,,,29.06282,False
2025-03-20 02:00:00,Bearish Reversal (Peak),3053.05,66.55,,,25.16293,False
2025-03-20 15:00:00,Bullish Reversal (Valley),3032.69,42.96,,,-1.03282,False
2025-03-21 01:00:00,Bearish Reversal (Peak),3046.28,56.27,,,9.76682,False
2025-03-21 15:00:00,Bullish Reversal (Valley),3006.53,25.57,,,-27.22154,False
2025-03-24 10:00:00,Bearish Reversal (Peak),3028.74,54.79,,,1.88728,False
2025-03-24 21:00:00,Bullish Reversal (Valley),3005.94,35.06,,,-16.75134,False
2025-03-25 15:00:00,Bearish Reversal (Peak),3028.3,61.1,,,8.12776,False
2025-03-26 06:00:00,Bullish Reversal (Valley),3015.1,43.93,,,-5.24991,False
2025-03-26 09:00:00,Bearish Reversal (Peak),3030.36,60.66,,,9.31536,False
2025-03-26 21:00:00,Bullish Reversal (Valley),3017.15,46.31,,,-3.33142,False
2025-03-27 16:00:00,Bearish Reversal (Peak),3057.5,68.51,,,28.36919,False
2025-03-28 08:00:00,Bearish Reversal (Peak),3084.46,75.47,,,39.02496,False
2025-03-31 10:00:00,Bearish Reversal (Peak),3124.41,75.75,,,49.62868,False
2025-04-01 06:00:00,Bearish Reversal (Peak),3145.93,72.85,,,44.32446,False
2025-04-01 19:00:00,Bullish Reversal (Valley),3106.48,36.53,,,-5.8717,False
2025-04-02 04:00:00,Bearish Reversal (Peak),3132.9,58.7,,,18.94945,False
2025-04-02 13:00:00,Bullish Reversal (Valley),3114.28,44.68,,,-2.36202,False
2025-04-03 02:00:00,Bearish Reversal (Peak),3162.52,71.44,,,40.41107,False
2025-04-03 15:00:00,Bullish Reversal (Valley),3076.16,25.86,,,-46.27939,False
2025-04-03 17:00:00,Bearish Reversal (Peak),3128.8,52.96,,,7.50863,True
2025-04-04 11:00:00,Bullish Reversal (Valley),3084.11,36.74,,,-28.68857,False
2025-04-07 03:00:00,Bullish Reversal (Valley),2978.62,23.2,,,-100.21194,False
2025-04-07 21:00:00,Bullish Reversal (Valley),2965.65,29.48,,,-77.86494,False
2025-04-09 02:00:00,Bullish Reversal (Valley),2978.34,37.26,,,-32.85254,False
2025-04-09 14:00:00,Bearish Reversal (Peak),3066.54,75.7,,,48.85848,False
2025-04-10 06:00:00,Bearish Reversal (Peak),3125.22,70.61,,,75.89476,False
2025-04-11 01:00:00,Bearish Reversal (Peak),3188.9,78.27,,,90.37349,False
2025-04-11 18:00:00,Bearish Reversal (Peak),3240.47,70.74,,,83.71268,False
2025-04-14 14:00:00,Bearish Reversal (Peak),3223.22,52.44,,,28.57902,False
2025-04-15 07:00:00,Bearish Reversal (Peak),3231.75,60.39,,,27.50201,False
2025-04-16 04:00:00,Bearish Reversal (Peak),3270.25,78.42,,,50.17502,False
2025-04-17 01:00:00,Bearish Reversal (Peak),3350.83,87.74,,,78.26086,False
2025-04-17 17:00:00,Bullish Reversal (Valley),3291.2,35.37,,,-7.02083,False
2025-04-17 20:00:00,Bearish Reversal (Peak),3318.8,51.49,,,19.17355,False
2025-04-21 16:00:00,Bearish Reversal (Peak),3420.35,78.02,,,77.27876,False
2025-04-22 08:00:00,Bearish Reversal (Peak),3494.14,81.06,,,104.41966,False
2025-04-23 01:00:00,Bullish Reversal (Valley),3327.74,27.57,,,-72.78097,True
2025-04-23 16:00:00,Bullish Reversal (Valley),3276.37,30.68,,,-90.59274,False
2025-04-24 04:00:00,Bearish Reversal (Peak),3357.29,58.37,,,12.53241,False
2025-04-24 16:00:00,Bullish Reversal (Valley),3315.24,44.59,,,-24.02896,False
2025-04-25 01:00:00,Bearish Reversal (Peak),3366.99,64.37,,,27.33741,False
2025-04-25 17:00:00,Bullish Reversal (Valley),3277.89,33.95,,,-46.70375,False
2025-04-25 23:00:00,Bearish Reversal (Peak),3318.87,54.94,,,0.30073,False
2025-04-28 12:00:00,Bullish Reversal (Valley),3274.38,40.04,,,-33.49771,False
2025-04-28 22:00:00,Bearish Reversal (Peak),3352.02,67.5,,,39.35611,False
2025-04-29 16:00:00,Bullish Reversal (Valley),3306.82,44.84,,,-8.43105,False
2025-04-29 19:00:00,Bearish Reversal (Peak),3328.66,57.37,,,13.01874,False
2025-04-30 14:00:00,Bullish Reversal (Valley),3272.28,27.64,,,-35.95013,False
2025-04-30 19:00:00,Bearish Reversal (Peak),3310.7,53.95,,,2.62627,False
2025-05-01 14:00:00,Bullish Reversal (Valley),3205.42,25.07,,,-70.06142,False
2025-05-02 12:00:00,Bearish Reversal (Peak),3265.15,62.84,,,9.12254,False
2025-05-02 19:00:00,Bullish Reversal (Valley),3224.89,38.9,,,-29.15696,False
2025-05-05 05:00:00,Bearish Reversal (Peak),3270.0,62.11,,,18.43225,False
2025-05-06 04:00:00,Bearish Reversal (Peak),3379.49,81.98,,,91.30213,False
2025-05-06 23:00:00,Bearish Reversal (Peak),3430.36,82.0,,,86.96773,False
2025-05-08 04:00:00,Bearish Reversal (Peak),3408.54,61.82,,,38.58119,False
2025-05-08 09:00:00,Bullish Reversal (Valley),3329.79,33.12,,,-40.4805,False
2025-05-09 04:00:00,Bullish Reversal (Valley),3291.2,32.76,,,-55.49363,False
2025-05-09 18:00:00,Bearish Reversal (Peak),3344.96,57.34,,,6.36618,False
2025-05-09 19:00:00,Bullish Reversal (Valley),3336.74,52.55,,,-1.78113,False
2025-05-12 13:00:00,Bullish Reversal (Valley),3208.0,24.15,,,-96.67748,False
2025-05-13 16:00:00,Bullish Reversal (Valley),3227.45,37.88,,,-36.43453,False
2025-05-14 15:00:00,Bullish Reversal (Valley),3184.68,26.41,,,-61.95628,False
2025-05-15 08:00:00,Bullish Reversal (Valley),3128.89,22.1,,,-81.2519,False
2025-05-16 01:00:00,Bearish Reversal (Peak),3251.0,72.98,,,43.73923,False
2025-05-16 14:00:00,Bullish Reversal (Valley),3163.05,32.16,,,-44.68251,False
2025-05-19 03:00:00,Bearish Reversal (Peak),3246.37,66.79,,,40.57652,False
2025-05-19 21:00:00,Bearish Reversal (Peak),3233.42,55.13,,,14.7481,False
2025-05-20 05:00:00,Bullish Reversal (Valley),3206.57,38.68,,,-13.06023,False
2025-05-20 17:00:00,Bearish Reversal (Peak),3282.47,75.84,,,56.30311,False
2025-05-21 09:00:00,Bearish Reversal (Peak),3319.87,72.9,,,61.145,False
2025-05-22 05:00:00,Bearish Reversal (Peak),3341.01,72.53,,,51.41074,False
2025-05-22 16:00:00,Bullish Reversal (Valley),3287.52,39.9,,,-10.63506,False
2025-05-23 04:00:00,Bearish Reversal (Peak),3305.05,51.03,,,7.06995,False
2025-05-23 20:00:00,Bearish Reversal (Peak),3362.54,67.45,,,45.22542,False
2025-05-26 12:00:00,Bullish Reversal (Valley),3328.47,41.56,,,-0.9775,False
2025-05-27 01:00:00,Bearish Reversal (Peak),3347.56,59.32,,,14.98933,False
2025-05-27 14:00:00,Bullish Reversal (Valley),3288.27,23.29,,,-37.49812,False
2025-05-28 07:00:00,Bullish Reversal (Valley),3296.3,38.6,,,-17.65086,False
2025-05-28 12:00:00,Bearish Reversal (Peak),3324.03,62.1,,,9.644,False
2025-05-29 02:00:00,Bullish Reversal (Valley),3259.7,24.59,,,-46.97459,False
2025-05-29 20:00:00,Bearish Reversal (Peak),3324.14,66.53,,,23.29602,False
2025-05-30 16:00:00,Bullish Reversal (Valley),3276.46,35.06,,,-24.42924,False
2025-06-02 01:00:00,Bearish Reversal (Peak),3312.87,59.51,,,13.91606,False
2025-06-03 01:00:00,Bearish Reversal (Peak),3389.75,80.33,,,56.34525,False
2025-06-03 16:00:00,Bullish Reversal (Valley),3344.92,39.84,,,-1.28684,False
2025-06-04 04:00:00,Bearish Reversal (Peak),3370.68,61.01,,,21.45385,False
2025-06-04 14:00:00,Bullish Reversal (Valley),3346.42,42.9,,,-5.03219,False
2025-06-04 20:00:00,Bearish Reversal (Peak),3379.02,60.74,,,23.69126,False
2025-06-05 13:00:00,Bearish Reversal (Peak),3399.8,70.11,,,34.86278,False
2025-06-05 18:00:00,Bullish Reversal (Valley),3344.61,35.8,,,-21.63441,False
2025-06-06 07:00:00,Bearish Reversal (Peak),3373.55,55.95,,,9.33855,False
2025-06-06 12:00:00,Bullish Reversal (Valley),3356.61,44.39,,,-7.10048,False
2025-06-09 04:00:00,Bullish Reversal (Valley),3295.89,25.02,,,-49.58045,False
2025-06-09 19:00:00,Bearish Reversal (Peak),3337.57,59.56,,,3.553,False
2025-06-10 04:00:00,Bullish Reversal (Valley),3306.16,35.95,,,-24.91837,False
2025-06-10 16:00:00,Bearish Reversal (Peak),3343.48,65.03,,,13.98087,False
2025-06-10 19:00:00,Bullish Reversal (Valley),3321.12,45.92,,,-7.90034,False
2025-06-11 10:00:00,Bearish Reversal (Peak),3345.59,62.0,,,14.71563,False
2025-06-11 20:00:00,Bullish Reversal (Valley),3324.26,43.8,,,-7.26819,False
2025-06-12 13:00:00,Bearish Reversal (Peak),3382.4,63.54,,,34.82002,False
2025-06-13 05:00:00,Bearish Reversal (Peak),3441.23,78.62,,,71.3481,False
2025-06-16 01:00:00,Bearish Reversal (Peak),3448.19,68.24,,,46.72159,False
2025-06-16 16:00:00,Bullish Reversal (Valley),3388.24,32.29,,,-21.70658,False
2025-06-17 11:00:00,Bullish Reversal (Valley),3378.75,36.76,,,-21.43566,False
2025-06-18 07:00:00,Bearish Reversal (Peak),3395.06,54.42,,,2.07065,False
2025-06-18 12:00:00,Bullish Reversal (Valley),3378.03,42.59,,,-13.15544,False
2025-06-19 09:00:00,Bullish Reversal (Valley),3357.34,33.36,,,-25.72474,False
2025-06-20 15:00:00,Bullish Reversal (Valley),3344.3,35.47,,,-22.33937,False
2025-06-23 01:00:00,Bearish Reversal (Peak),3379.06,62.74,,,11.46671,False
2025-06-23 08:00:00,Bullish Reversal (Valley),3356.69,44.8,,,-9.42886,False
2025-06-23 19:00:00,Bearish Reversal (Peak),3389.75,62.86,,,20.94642,False
2025-06-24 16:00:00,Bullish Reversal (Valley),3301.88,27.65,,,-49.75922,False
2025-06-25 16:00:00,Bullish Reversal (Valley),3314.4,35.86,,,-20.56624,False
2025-06-25 19:00:00,Bearish Reversal (Peak),3334.62,56.55,,,0.44048,False
2025-06-26 11:00:00,Bearish Reversal (Peak),3348.04,63.42,,,12.71025,False
2025-06-26 17:00:00,Bullish Reversal (Valley),3318.21,38.44,,,-15.7175,False
2025-06-27 10:00:00,Bullish Reversal (Valley),3284.29,24.17,,,-39.06776,False
2025-06-30 02:00:00,Bullish Reversal (Valley),3263.63,28.29,,,-37.67722,False
2025-06-30 22:00:00,Bearish Reversal (Peak),3308.51,66.77,,,14.32567,False
2025-07-01 15:00:00,Bearish Reversal (Peak),3354.49,83.74,,,42.79069,False
2025-07-02 07:00:00,Bearish Reversal (Peak),3339.97,58.66,,,15.69726,False
2025-07-03 01:00:00,Bearish Reversal (Peak),3361.77,68.86,,,26.50852,False
2025-07-03 15:00:00,Bullish Reversal (Valley),3324.38,36.65,,,-16.65004,False
2025-07-04 10:00:00,Bearish Reversal (Peak),3342.76,55.37,,,5.80458,False
2025-07-04 18:00:00,Bullish Reversal (Valley),3332.15,44.79,,,-4.24768,False
2025-07-07 14:00:00,Bullish Reversal (Valley),3301.87,33.17,,,-23.88482,False
2025-07-08 01:00:00,Bearish Reversal (Peak),3339.63,65.11,,,13.09365,False
2025-07-08 17:00:00,Bullish Reversal (Valley),3296.42,27.82,,,-29.78907,False
2025-07-09 14:00:00,Bullish Reversal (Valley),3284.77,36.56,,,-24.35961,False
2025-07-09 17:00:00,Bearish Reversal (Peak),3312.16,57.38,,,3.71656,False
2025-07-10 11:00:00,Bearish Reversal (Peak),3328.57,62.93,,,15.12865,False
2025-07-10 16:00:00,Bullish Reversal (Valley),3312.65,46.73,,,-2.23283,False
2025-07-11 17:00:00,Bearish Reversal (Peak),3361.15,72.11,,,33.32715,False
2025-07-14 13:00:00,Bearish Reversal (Peak),3371.9,64.66,,,25.44599,False
2025-07-14 17:00:00,Bullish Reversal (Valley),3342.93,41.25,,,-4.45083,False
2025-07-15 10:00:00,Bearish Reversal (Peak),3364.18,60.19,,,14.56789,False
2025-07-15 23:00:00,Bullish Reversal (Valley),3324.76,30.57,,,-21.18738,False
2025-07-16 16:00:00,Bullish Reversal (Valley),3326.71,38.75,,,-13.89679,False
2025-07-16 20:00:00,Bearish Reversal (Peak),3354.63,62.18,,,13.14868,False
2025-07-17 15:00:00,Bullish Reversal (Valley),3312.99,28.63,,,-25.17374,False
2025-07-17 22:00:00,Bearish Reversal (Peak),3339.67,54.37,,,2.22759,False
2025-07-18 08:00:00,Bullish Reversal (Valley),3333.37,46.25,,,-4.17538,False
2025-07-18 15:00:00,Bearish Reversal (Peak),3359.8,68.03,,,18.88884,False
2025-07-21 17:00:00,Bearish Reversal (Peak),3400.18,82.95,,,44.18163,False
2025-07-22 19:00:00,Bearish Reversal (Peak),3432.02,80.2,,,48.33929,False
2025-07-23 12:00:00,Bearish Reversal (Peak),3431.0,65.5,,,27.29934,False
2025-07-23 19:00:00,Bullish Reversal (Valley),3387.31,30.92,,,-18.12786,False
2025-07-24 15:00:00,Bullish Reversal (Valley),3353.34,20.04,,,-36.77837,False
2025-07-25 18:00:00,Bullish Reversal (Valley),3327.7,21.29,,,-39.30392,False
2025-07-28 16:00:00,Bullish Reversal (Valley),3302.19,23.01,,,-45.81092,False
2025-07-29 14:00:00,Bullish Reversal (Valley),3315.14,43.58,,,-15.11732,False
2025-07-30 11:00:00,Bearish Reversal (Peak),3332.13,57.35,,,3.91915,False
2025-07-30 22:00:00,Bullish Reversal (Valley),3269.26,24.57,,,-49.60849,False
2025-07-31 11:00:00,Bearish Reversal (Peak),3309.75,55.98,,,0.0612,False
2025-08-01 04:00:00,Bullish Reversal (Valley),3283.59,38.03,,,-19.01649,False
2025-08-01 23:00:00,Bearish Reversal (Peak),3362.68,80.63,,,47.89933,False
2025-08-04 16:00:00,Bearish Reversal (Peak),3383.2,75.14,,,46.3344,False
2025-08-05 14:00:00,Bullish Reversal (Valley),3351.27,38.14,,,-4.15925,False
2025-08-05 18:00:00,Bearish Reversal (Peak),3389.36,64.67,,,30.45824,False
2025-08-06 12:00:00,Bullish Reversal (Valley),3358.73,35.99,,,-8.12223,False
2025-08-07 04:00:00,Bearish Reversal (Peak),3382.14,60.66,,,12.72607,False
2025-08-08 01:00:00,Bearish Reversal (Peak),3405.5,66.13,,,26.31173,False
2025-08-08 16:00:00,Bearish Reversal (Peak),3400.12,56.34,,,14.61119,False
2025-08-11 07:00:00,Bullish Reversal (Valley),3375.73,40.69,,,-10.47844,False
2025-08-11 23:00:00,Bullish Reversal (Valley),3342.6,35.01,,,-28.72652,False
2025-08-12 17:00:00,Bullish Reversal (Valley),3337.29,37.96,,,-22.66834,False
2025-08-13 09:00:00,Bearish Reversal (Peak),3357.06,56.15,,,1.60446,False
2025-08-13 20:00:00,Bullish Reversal (Valley),3353.55,47.55,,,-3.53656,False
2025-08-14 03:00:00,Bearish Reversal (Peak),3369.38,62.69,,,11.71746,False
2025-08-15 01:00:00,Bullish Reversal (Valley),3333.13,33.89,,,-18.10218,False
2025-08-18 02:00:00,Bullish Reversal (Valley),3326.94,35.69,,,-16.44943,False
2025-08-18 07:00:00,Bearish Reversal (Peak),3357.39,62.9,,,13.30284,False
2025-08-19 02:00:00,Bullish Reversal (Valley),3330.83,38.59,,,-10.40028,False
2025-08-19 13:00:00,Bearish Reversal (Peak),3343.53,57.86,,,3.47562,False
2025-08-20 05:00:00,Bullish Reversal (Valley),3313.94,30.52,,,-17.02664,False
2025-08-21 01:00:00,Bearish Reversal (Peak),3349.42,70.61,,,14.81127,False
2025-08-21 13:00:00,Bullish Reversal (Valley),3328.3,37.38,,,-8.09962,False
2025-08-21 17:00:00,Bearish Reversal (Peak),3344.1,56.32,,,7.21003,False
2025-08-22 15:00:00,Bullish Reversal (Valley),3323.37,33.75,,,-11.11052,False
2025-08-22 20:00:00,Bearish Reversal (Peak),3374.09,72.83,,,34.16084,False
2025-08-26 02:00:00,Bullish Reversal (Valley),3354.74,39.24,,,-3.66822,False
2025-08-26 03:00:00,Bearish Reversal (Peak),3383.0,63.24,,,23.6274,False
2025-08-26 23:00:00,Bearish Reversal (Peak),3393.48,66.24,,,22.87021,False
2025-08-27 23:00:00,Bearish Reversal (Peak),3397.32,65.08,,,17.44422,False
2025-08-28 22:00:00,Bearish Reversal (Peak),3421.87,72.34,,,28.14958,False
2025-09-01 05:00:00,Bearish Reversal (Peak),3483.55,79.96,,,62.07905,True
2025-09-02 04:00:00,Bearish Reversal (Peak),3497.67,77.2,,,45.64029,False
2025-09-03 04:00:00,Bearish Reversal (Peak),3538.71,73.71,,,50.55483,False
2025-09-03 20:00:00,Bearish Reversal (Peak),3574.25,78.44,,,57.68621,False
2025-09-04 08:00:00,Bullish Reversal (Valley),3527.25,39.58,,,-0.28754,False
2025-09-04 18:00:00,Bearish Reversal (Peak),3552.77,58.23,,,19.77656,False
2025-09-05 20:00:00,Bearish Reversal (Peak),3596.32,74.25,,,43.25365,False
2025-09-08 17:00:00,Bearish Reversal (Peak),3640.57,81.5,,,58.26219,False
2025-09-09 16:00:00,Bearish Reversal (Peak),3665.86,71.6,,,46.16534,False
2025-09-10 03:00:00,Bullish Reversal (Valley),3623.84,41.15,,,-1.1858,False
2025-09-10 13:00:00,Bearish Reversal (Peak),3655.16,63.11,,,23.87256,False
2025-09-11 14:00:00,Bullish Reversal (Valley),3616.67,32.1,,,-16.81391,False
2025-09-12 07:00:00,Bearish Reversal (Peak),3654.77,67.22,,,18.75738,False
2025-09-15 03:00:00,Bullish Reversal (Valley),3633.32,38.51,,,-7.55945,False
2025-09-15 20:00:00,Bearish Reversal (Peak),3681.63,74.57,,,34.40871,False
2025-09-16 12:00:00,Bearish Reversal (Peak),3698.14,68.83,,,34.06558,False
2025-09-17 05:00:00,Bearish Reversal (Peak),3682.03,47.83,,,6.12129,False
2025-09-17 13:00:00,Bullish Reversal (Valley),3661.3,33.3,,,-13.38994,False
2025-09-17 20:00:00,Bearish Reversal (Peak),3686.64,57.45,,,10.45106,False
2025-09-18 09:00:00,Bullish Reversal (Valley),3637.38,32.55,,,-31.47733,False
2025-09-18 12:00:00,Bearish Reversal (Peak),3671.56,53.05,,,3.08923,False
2025-09-19 04:00:00,Bullish Reversal (Valley),3639.74,40.01,,,-18.38324,False
2025-09-19 18:00:00,Bearish Reversal (Peak),3670.69,61.85,,,13.27361,False
2025-09-22 13:00:00,Bearish Reversal (Peak),3727.27,79.5,,,48.56815,False
2025-09-23 12:00:00,Bearish Reversal (Peak),3784.71,79.55,,,65.17783,False
2025-09-24 10:00:00,Bearish Reversal (Peak),3777.29,61.31,,,29.05543,False
2025-09-24 21:00:00,Bullish Reversal (Valley),3724.15,28.56,,,-25.15247,False
2025-09-25 13:00:00,Bearish Reversal (Peak),3756.99,57.06,,,9.86875,False
2025-09-25 17:00:00,Bullish Reversal (Valley),3731.35,38.49,,,-14.53282,False
2025-09-26 13:00:00,Bullish Reversal (Valley),3744.43,48.84,,,-1.23828,False
2025-09-26 20:00:00,Bearish Reversal (Peak),3782.77,67.95,,,31.338,False
2025-09-29 14:00:00,Bearish Reversal (Peak),3828.79,68.13,,,54.1575,False
2025-09-30 08:00:00,Bearish Reversal (Peak),3869.6,76.44,,,62.50976,False
2025-09-30 12:00:00,Bullish Reversal (Valley),3798.58,37.97,,,-11.5279,False
2025-10-01 11:00:00,Bearish Reversal (Peak),3892.91,69.93,,,55.4544,False
2025-10-02 14:00:00,Bearish Reversal (Peak),3886.15,65.06,,,27.30409,False
2025-10-02 18:00:00,Bullish Reversal (Valley),3828.17,30.34,,,-30.22337,False
2025-10-03 18:00:00,Bearish Reversal (Peak),3889.31,66.4,,,28.35316,False
2025-10-06 11:00:00,Bearish Reversal (Peak),3942.34,75.28,,,55.45855,False
2025-10-07 07:00:00,Bearish Reversal (Peak),3975.82,72.03,,,50.66745,False
2025-10-08 02:00:00,Bearish Reversal (Peak),3994.21,67.02,,,43.78915,False
2025-10-08 19:00:00,Bearish Reversal (Peak),4056.5,75.83,,,64.86168,False
2025-10-09 15:00:00,Bearish Reversal (Peak),4053.35,63.63,,,38.45238,False
2025-10-09 20:00:00,Bullish Reversal (Valley),3950.22,26.93,,,-60.78308,False
2025-10-10 16:00:00,Bullish Reversal (Valley),3980.5,45.53,,,-13.74481,False
2025-10-10 18:00:00,Bearish Reversal (Peak),3997.76,53.42,,,3.54179,False
2025-10-13 13:00:00,Bearish Reversal (Peak),4080.83,74.48,,,58.86839,False
2025-10-14 07:00:00,Bearish Reversal (Peak),4167.92,86.46,,,97.53896,False
2025-10-15 11:00:00,Bearish Reversal (Peak),4208.09,73.22,,,77.93892,False
2025-10-16 13:00:00,Bearish Reversal (Peak),4242.6,65.29,,,57.39437,False
2025-10-17 07:00:00,Bearish Reversal (Peak),4376.19,72.69,,,126.53762,False
2025-10-17 19:00:00,Bullish Reversal (Valley),4204.64,32.09,,,-63.19918,True
2025-10-20 07:00:00,Bearish Reversal (Peak),4266.06,49.32,,,4.84012,False
2025-10-20 13:00:00,Bullish Reversal (Valley),4254.48,47.54,,,-4.60428,False
2025-10-20 22:00:00,Bearish Reversal (Peak),4377.86,69.88,,,94.96167,False
2025-10-21 22:00:00,Bullish Reversal (Valley),4108.83,20.31,,,-144.72686,False
2025-10-22 17:00:00,Bullish Reversal (Valley),4014.81,31.77,,,-151.97542,False
2025-10-23 10:00:00,Bullish Reversal (Valley),4094.04,48.81,,,-35.38975,False
2025-10-23 17:00:00,Bearish Reversal (Peak),4148.09,60.92,,,19.39019,False
2025-10-24 13:00:00,Bullish Reversal (Valley),4054.59,32.55,,,-60.86049,False
2025-10-24 18:00:00,Bearish Reversal (Peak),4130.33,59.19,,,17.51298,False
2025-10-27 16:00:00,Bullish Reversal (Valley),3987.89,28.3,,,-94.44917,False
2025-10-28 10:00:00,Bullish Reversal (Valley),3897.17,22.17,,,-132.46714,False
2025-10-29 06:00:00,Bullish Reversal (Valley),3951.86,45.66,,,-36.45614,False
2025-10-29 14:00:00,Bearish Reversal (Peak),4025.43,64.32,,,31.80262,False
2025-10-30 04:00:00,Bullish Reversal (Valley),3921.84,34.45,,,-59.05522,False
2025-10-31 00:00:00,Bearish Reversal (Peak),4037.73,66.13,,,49.48098,False
2025-10-31 16:00:00,Bearish Reversal (Peak),4020.58,56.55,,,20.12149,False
2025-11-03 02:00:00,Bullish Reversal (Valley),3970.55,37.75,,,-27.64949,False
2025-11-03 09:00:00,Bearish Reversal (Peak),4024.91,58.34,,,23.64364,False
2025-11-04 07:00:00,Bullish Reversal (Valley),3973.14,35.71,,,-26.93177,False
2025-11-04 23:00:00,Bullish Reversal (Valley),3931.84,28.72,,,-51.46526,False
2025-11-05 16:00:00,Bullish Reversal (Valley),3973.31,53.48,,,-0.93923,False
2025-11-05 21:00:00,Bearish Reversal (Peak),3987.67,60.19,,,11.75369,False
2025-11-06 13:00:00,Bearish Reversal (Peak),4017.92,70.67,,,33.55062,False
2025-11-06 23:00:00,Bullish Reversal (Valley),3976.98,42.84,,,-8.53064,False
2025-11-07 10:00:00,Bearish Reversal (Peak),4009.52,60.18,,,19.61432,False
2025-11-07 17:00:00,Bullish Reversal (Valley),3990.88,46.22,,,-1.19397,False
2025-11-10 10:00:00,Bearish Reversal (Peak),4082.11,82.97,,,67.32538,False
2025-11-11 05:00:00,Bearish Reversal (Peak),4146.8,85.49,,,82.74903,False
2025-11-12 01:00:00,Bearish Reversal (Peak),4142.46,63.0,,,43.91584,False
2025-11-12 20:00:00,Bearish Reversal (Peak),4206.7,77.87,,,83.88324,False
2025-11-13 14:00:00,Bearish Reversal (Peak),4242.44,73.08,,,74.41402,False
2025-11-13 20:00:00,Bullish Reversal (Valley),4157.7,37.26,,,-16.72197,False
2025-11-14 09:00:00,Bearish Reversal (Peak),4180.98,46.17,,,2.2389,False
2025-11-14 15:00:00,Bullish Reversal (Valley),4055.73,19.49,,,-113.37913,False
2025-11-17 07:00:00,Bullish Reversal (Valley),4058.18,30.41,,,-73.4825,False
2025-11-18 08:00:00,Bullish Reversal (Valley),4008.75,34.69,,,-68.86984,False
2025-11-18 21:00:00,Bearish Reversal (Peak),4080.92,60.43,,,12.50699,False
2025-11-19 03:00:00,Bullish Reversal (Valley),4058.94,50.02,,,-9.42573,False
2025-11-19 16:00:00,Bearish Reversal (Peak),4127.67,67.52,,,46.68456,False
2025-11-19 18:00:00,Bullish Reversal (Valley),4074.54,46.47,,,-6.77837,False
2025-11-20 12:00:00,Bullish Reversal (Valley),4059.8,42.51,,,-17.67198,False
2025-11-20 16:00:00,Bearish Reversal (Peak),4093.2,57.39,,,15.4477,False
2025-11-21 09:00:00,Bullish Reversal (Valley),4031.45,35.8,,,-38.05702,False
2025-11-21 18:00:00,Bearish Reversal (Peak),4099.85,62.28,,,32.30317,False
2025-11-24 04:00:00,Bullish Reversal (Valley),4043.48,41.85,,,-23.99034,False
2025-11-24 14:00:00,Bearish Reversal (Peak),4080.21,57.49,,,14.72427,False
2025-11-25 07:00:00,Bearish Reversal (Peak),4150.81,68.73,,,57.09549,False
2025-11-26 13:00:00,Bearish Reversal (Peak),4171.41,64.4,,,40.77058,False
2025-11-27 06:00:00,Bearish Reversal (Peak),4150.62,47.62,,,7.13533,False
2025-11-28 03:00:00,Bearish Reversal (Peak),4190.95,72.97,,,38.13786,False
2025-12-01 12:00:00,Bearish Reversal (Peak),4255.33,70.16,,,56.22337,False
2025-12-02 07:00:00,Bearish Reversal (Peak),4224.83,48.88,,,9.67855,False
2025-12-02 17:00:00,Bullish Reversal (Valley),4169.47,32.26,,,-41.42987,False
2025-12-02 22:00:00,Bearish Reversal (Peak),4209.95,50.78,,,1.83889,False
2025-12-03 12:00:00,Bullish Reversal (Valley),4200.36,44.43,,,-8.72563,False
2025-12-03 15:00:00,Bearish Reversal (Peak),4237.01,63.29,,,26.68332,False
2025-12-04 07:00:00,Bullish Reversal (Valley),4180.83,37.71,,,-26.05574,False
2025-12-04 19:00:00,Bearish Reversal (Peak),4216.39,57.9,,,11.94548,False
2025-12-05 02:00:00,Bullish Reversal (Valley),4201.43,47.92,,,-3.5481,False
2025-12-05 17:00:00,Bearish Reversal (Peak),4243.65,73.19,,,29.77609,False
2025-12-05 23:00:00,Bullish Reversal (Valley),4198.57,38.58,,,-13.95013,False
2025-12-08 14:00:00,Bearish Reversal (Peak),4213.62,51.9,,,2.61959,False
2025-12-09 07:00:00,Bullish Reversal (Valley),4179.55,38.19,,,-21.76457,False
2025-12-09 12:00:00,Bearish Reversal (Peak),4203.8,55.88,,,3.99725,False
2025-12-10 04:00:00,Bearish Reversal (Peak),4216.98,61.01,,,12.89725,False
2025-12-10 16:00:00,Bullish Reversal (Valley),4192.33,41.4,,,-10.15266,False
2025-12-11 03:00:00,Bearish Reversal (Peak),4238.23,68.82,,,30.23351,False
2025-12-11 23:00:00,Bearish Reversal (Peak),4279.48,73.16,,,52.79636,False
2025-12-12 16:00:00,Bearish Reversal (Peak),4346.82,79.39,,,83.78476,False
2025-12-15 10:00:00,Bearish Reversal (Peak),4346.73,68.72,,,56.52144,False
2025-12-15 18:00:00,Bullish Reversal (Valley),4297.49,39.43,,,-3.31356,False
2025-12-16 03:00:00,Bearish Reversal (Peak),4308.72,46.75,,,6.06403,False
2025-12-16 12:00:00,Bullish Reversal (Valley),4277.21,33.46,,,-20.22132,False
2025-12-17 03:00:00,Bearish Reversal (Peak),4326.5,61.51,,,24.28236,False
2025-12-17 19:00:00,Bearish Reversal (Peak),4342.39,62.32,,,28.38768,False
2025-12-18 18:00:00,Bearish Reversal (Peak),4360.17,67.83,,,34.76647,False
2025-12-19 04:00:00,Bullish Reversal (Valley),4316.61,42.43,,,-9.64771,False
2025-12-19 11:00:00,Bearish Reversal (Peak),4329.31,51.28,,,3.47903,False
2025-12-22 08:00:00,Bearish Reversal (Peak),4419.52,83.81,,,72.57367,False
2025-12-23 04:00:00,Bearish Reversal (Peak),4493.26,87.23,,,96.25703,False
2025-12-24 03:00:00,Bearish Reversal (Peak),4518.54,67.49,,,69.10269,False
2025-12-24 17:00:00,Bullish Reversal (Valley),4458.27,40.66,,,-6.11033,False
2025-12-26 17:00:00,Bearish Reversal (Peak),4546.43,67.95,,,63.40391,False
2025-12-29 17:00:00,Bullish Reversal (Valley),4325.11,19.84,,,-150.22746,True
2025-12-30 10:00:00,Bullish Reversal (Valley),4364.89,41.71,,,-52.81935,False
2025-12-31 07:00:00,Bullish Reversal (Valley),4285.57,28.16,,,-96.76535,False
2026-01-02 12:00:00,Bearish Reversal (Peak),4395.95,62.37,,,30.91217,False
2026-01-02 20:00:00,Bullish Reversal (Valley),4314.98,38.64,,,-45.43473,False
2026-01-05 12:00:00,Bearish Reversal (Peak),4436.13,70.89,,,57.82945,False
2026-01-06 05:00:00,Bearish Reversal (Peak),4467.47,68.26,,,58.85182,False
2026-01-06 23:00:00,Bearish Reversal (Peak),4494.64,64.97,,,51.87161,False
2026-01-07 08:00:00,Bullish Reversal (Valley),4444.04,39.95,,,-5.91709,False
2026-01-07 18:00:00,Bearish Reversal (Peak),4464.0,51.84,,,12.32023,False
2026-01-08 13:00:00,Bullish Reversal (Valley),4422.74,36.07,,,-22.76944,False
2026-01-08 23:00:00,Bearish Reversal (Peak),4477.26,64.04,,,29.04585,False
2026-01-12 02:00:00,Bearish Reversal (Peak),4588.65,80.49,,,111.29661,False
2026-01-12 17:00:00,Bearish Reversal (Peak),4621.17,70.75,,,92.62956,False
2026-01-13 16:00:00,Bearish Reversal (Peak),4629.63,68.2,,,61.2029,False
2026-01-14 21:00:00,Bearish Reversal (Peak),4638.97,60.49,,,34.61886,False
2026-01-15 15:00:00,Bullish Reversal (Valley),4588.13,38.9,,,-17.83807,False
2026-01-15 20:00:00,Bearish Reversal (Peak),4617.42,52.73,,,10.14027,False
2026-01-16 13:00:00,Bearish Reversal (Peak),4612.39,53.27,,,6.53622,False
2026-01-16 17:00:00,Bullish Reversal (Valley),4570.92,35.9,,,-33.34055,False
2026-01-19 08:00:00,Bearish Reversal (Peak),4677.75,66.76,,,58.90835,False
2026-01-20 03:00:00,Bearish Reversal (Peak),4669.59,57.23,,,27.38504,False
2026-01-20 21:00:00,Bearish Reversal (Peak),4760.55,76.84,,,72.4561,False
2026-01-21 15:00:00,Bearish Reversal (Peak),4879.19,81.09,,,114.73057,False
2026-01-22 01:00:00,Bullish Reversal (Valley),4778.05,42.3,,,-4.20152,True
2026-01-22 09:00:00,Bearish Reversal (Peak),4832.43,55.21,,,42.97502,False
2026-01-23 02:00:00,Bearish Reversal (Peak),4964.94,78.44,,,129.40678,False
2026-01-26 04:00:00,Bearish Reversal (Peak),5080.81,81.73,,,154.16546,False
2026-01-26 19:00:00,Bearish Reversal (Peak),5100.79,70.68,,,102.63169,False
2026-01-27 11:00:00,Bearish Reversal (Peak),5098.45,60.01,,,69.59073,False
2026-01-28 10:00:00,Bearish Reversal (Peak),5293.49,82.19,,,175.51608,False
2026-01-29 07:00:00,Bearish Reversal (Peak),5562.3,86.04,,,283.0301,True
2026-01-29 17:00:00,Bullish Reversal (Valley),5182.39,27.31,,,-162.63739,True
2026-01-30 01:00:00,Bearish Reversal (Peak),5438.2,53.46,,,91.17482,True
2026-01-30 11:00:00,Bullish Reversal (Valley),5013.67,28.8,,,-281.35131,True
2026-02-02 08:00:00,Bullish Reversal (Valley),4502.9,23.84,,,-528.52014,False
2026-02-03 04:00:00,Bullish Reversal (Valley),4783.77,51.64,,,-78.46656,False
2026-02-03 15:00:00,Bearish Reversal (Peak),4932.6,62.14,,,60.576,False
2026-02-04 09:00:00,Bearish Reversal (Peak),5084.48,72.69,,,146.17925,False
2026-02-05 01:00:00,Bearish Reversal (Peak),5012.29,56.72,,,54.50003,False
2026-02-05 04:00:00,Bullish Reversal (Valley),4811.6,31.97,,,-142.24998,False
2026-02-06 01:00:00,Bullish Reversal (Valley),4703.64,29.57,,,-190.39401,False
2026-02-06 07:00:00,Bearish Reversal (Peak),4897.51,55.67,,,19.79129,False
2026-02-09 07:00:00,Bearish Reversal (Peak),5036.5,66.23,,,108.76764,False
2026-02-09 22:00:00,Bearish Reversal (Peak),5079.38,64.92,,,101.41817,False
2026-02-10 15:00:00,Bearish Reversal (Peak),5050.86,55.7,,,44.0127,False
2026-02-11 13:00:00,Bearish Reversal (Peak),5111.67,70.88,,,79.24398,False
2026-02-12 07:00:00,Bearish Reversal (Peak),5075.46,54.27,,,23.72411,False
2026-02-12 22:00:00,Bullish Reversal (Valley),4914.72,25.86,,,-119.09079,False
2026-02-13 17:00:00,Bullish Reversal (Valley),4976.72,48.2,,,-22.97407,False
2026-02-13 23:00:00,Bearish Reversal (Peak),5041.88,61.58,,,36.38355,False
2026-02-17 07:00:00,Bullish Reversal (Valley),4888.62,27.32,,,-99.48648,False
2026-02-18 01:00:00,Bullish Reversal (Valley),4858.96,35.54,,,-80.64775,False
2026-02-18 06:00:00,Bearish Reversal (Peak),4933.91,56.16,,,0.38899,False
2026-02-19 08:00:00,Bearish Reversal (Peak),5018.17,69.11,,,60.64757,False
2026-02-20 12:00:00,Bearish Reversal (Peak),5034.53,62.92,,,46.10075,False
2026-02-23 04:00:00,Bearish Reversal (Peak),5173.54,76.98,,,136.59351,False
2026-02-23 22:00:00,Bearish Reversal (Peak),5236.22,74.98,,,125.78019,False
2026-02-24 15:00:00,Bullish Reversal (Valley),5114.82,34.37,,,-26.57781,False
2026-02-24 22:00:00,Bearish Reversal (Peak),5163.9,50.81,,,19.81808,False
2026-02-25 18:00:00,Bearish Reversal (Peak),5212.01,63.6,,,46.74142,False
2026-02-25 22:00:00,Bullish Reversal (Valley),5151.74,39.62,,,-17.26115,False
2026-02-26 16:00:00,Bullish Reversal (Valley),5164.63,43.93,,,-9.69846,False
2026-02-26 22:00:00,Bearish Reversal (Peak),5196.3,55.72,,,20.13977,False
2026-02-27 11:00:00,Bullish Reversal (Valley),5175.81,47.24,,,-2.98995,False
2026-02-27 17:00:00,Bearish Reversal (Peak),5239.34,69.05,,,54.40166,False
2026-03-02 09:00:00,Bearish Reversal (Peak),5408.06,75.12,,,158.26111,False
2026-03-03 05:00:00,Bearish Reversal (Peak),5367.2,59.01,,,65.03149,False
2026-03-03 16:00:00,Bullish Reversal (Valley),5038.0,25.65,,,-240.13509,True
2026-03-04 20:00:00,Bullish Reversal (Valley),5133.73,41.31,,,-59.87401,False
2026-03-05 19:00:00,Bullish Reversal (Valley),5062.78,26.38,,,-100.00806,False
2026-03-06 11:00:00,Bullish Reversal (Valley),5085.56,38.96,,,-50.72873,False
2026-03-06 23:00:00,Bearish Reversal (Peak),5173.16,65.42,,,38.48076,False
2026-03-09 02:00:00,Bullish Reversal (Valley),5049.78,34.4,,,-79.18037,False
2026-03-09 19:00:00,Bullish Reversal (Valley),5095.92,48.29,,,-16.09502,False
2026-03-10 00:00:00,Bearish Reversal (Peak),5152.82,61.61,,,36.84744,False
2026-03-10 17:00:00,Bearish Reversal (Peak),5228.45,71.7,,,80.18212,False
2026-03-11 11:00:00,Bearish Reversal (Peak),5187.57,48.88,,,13.17922,False
2026-03-12 01:00:00,Bullish Reversal (Valley),5134.0,33.54,,,-37.96531,False
2026-03-12 11:00:00,Bearish Reversal (Peak),5188.08,56.34,,,18.48886,False
2026-03-12 22:00:00,Bullish Reversal (Valley),5078.93,26.04,,,-75.72753,False
2026-03-13 17:00:00,Bullish Reversal (Valley),5034.55,28.63,,,-88.12889,False
2026-03-16 11:00:00,Bullish Reversal (Valley),4975.18,29.96,,,-93.11493,False
2026-03-17 12:00:00,Bullish Reversal (Valley),5000.07,43.91,,,-33.67409,False
2026-03-18 06:00:00,Bullish Reversal (Valley),4987.02,39.01,,,-30.26712,False
2026-03-18 22:00:00,Bullish Reversal (Valley),4818.68,20.35,,,-145.80713,False
2026-03-19 14:00:00,Bullish Reversal (Valley),4574.07,9.67,,,-296.38679,True
2026-03-20 17:00:00,Bullish Reversal (Valley),4553.19,31.34,,,-173.66396,False
2026-03-23 09:00:00,Bullish Reversal (Valley),4204.02,17.71,,,-372.08248,True
2026-03-24 03:00:00,Bullish Reversal (Valley),4321.94,40.7,,,-161.22454,False
2026-03-24 19:00:00,Bullish Reversal (Valley),4388.34,47.81,,,-53.69715,False
2026-03-25 03:00:00,Bearish Reversal (Peak),4594.82,71.12,,,138.87475,False
2026-03-26 01:00:00,Bullish Reversal (Valley),4498.19,44.58,,,-8.19189,False
2026-03-26 02:00:00,Bearish Reversal (Peak),4535.43,53.03,,,27.90897,False
2026-03-26 21:00:00,Bullish Reversal (Valley),4363.68,32.83,,,-106.10866,False
2026-03-27 15:00:00,Bullish Reversal (Valley),4431.32,49.06,,,-17.27295,False
2026-03-27 17:00:00,Bearish Reversal (Peak),4523.9,65.62,,,70.0556,False
2026-03-30 11:00:00,Bearish Reversal (Peak),4538.1,62.34,,,62.79897,False
2026-03-31 04:00:00,Bearish Reversal (Peak),4604.82,68.03,,,101.36734,False
2026-04-01 03:00:00,Bearish Reversal (Peak),4710.69,74.21,,,137.49826,False
2026-04-01 19:00:00,Bearish Reversal (Peak),4787.09,71.79,,,139.56537,False
2026-04-02 08:00:00,Bullish Reversal (Valley),4593.94,29.56,,,-81.21717,False
2026-04-02 17:00:00,Bearish Reversal (Peak),4681.34,52.31,,,20.67474,False
2026-04-06 02:00:00,Bullish Reversal (Valley),4610.3,39.58,,,-48.58323,False
2026-04-06 11:00:00,Bearish Reversal (Peak),4695.63,58.44,,,37.26803,False
2026-04-07 04:00:00,Bullish Reversal (Valley),4626.76,37.23,,,-33.54726,False
2026-04-07 07:00:00,Bearish Reversal (Peak),4659.52,50.21,,,0.0112,False
2026-04-08 02:00:00,Bearish Reversal (Peak),4833.29,77.97,,,159.04283,False
2026-04-08 19:00:00,Bearish Reversal (Peak),4760.37,50.68,,,29.39864,False
2026-04-08 21:00:00,Bullish Reversal (Valley),4704.98,39.45,,,-25.07867,False
2026-04-09 20:00:00,Bearish Reversal (Peak),4797.62,66.07,,,59.55651,False
2026-04-10 09:00:00,Bullish Reversal (Valley),4746.14,45.85,,,-1.00078,False
2026-04-10 16:00:00,Bearish Reversal (Peak),4774.95,57.64,,,24.69791,False
2026-04-13 01:00:00,Bullish Reversal (Valley),4658.92,22.9,,,-90.42124,False
2026-04-13 18:00:00,Bullish Reversal (Valley),4714.37,45.0,,,-19.56556,False
2026-04-14 11:00:00,Bearish Reversal (Peak),4786.74,62.92,,,39.25367,False
2026-04-15 04:00:00,Bearish Reversal (Peak),4847.0,71.53,,,66.01173,False
2026-04-15 23:00:00,Bullish Reversal (Valley),4790.56,43.17,,,-4.67614,False
2026-04-16 03:00:00,Bearish Reversal (Peak),4832.97,60.21,,,34.75567,False
2026-04-16 17:00:00,Bullish Reversal (Valley),4788.57,39.0,,,-16.80683,False
2026-04-16 18:00:00,Bearish Reversal (Peak),4806.8,47.97,,,1.36736,False
2026-04-17 10:00:00,Bullish Reversal (Valley),4784.18,42.29,,,-14.79583,False
2026-04-17 16:00:00,Bearish Reversal (Peak),4880.16,74.55,,,77.03344,False
2026-04-20 02:00:00,Bullish Reversal (Valley),4755.05,32.32,,,-57.71576,False
2026-04-20 18:00:00,Bullish Reversal (Valley),4799.63,48.06,,,-6.18175,False
2026-04-21 01:00:00,Bearish Reversal (Peak),4827.53,58.55,,,19.71449,False
2026-04-21 22:00:00,Bullish Reversal (Valley),4679.23,17.84,,,-102.8611,False
2026-04-23 05:00:00,Bullish Reversal (Valley),4698.71,34.26,,,-54.3095,False
